Order ID,Order Date,Ship Date,Customer Segment,Region,State,Category,Sub-Category,Quantity,Sales,Discount,Discounted Sales,Shipping Cost,Profit
ORD-1000,2024-04-04,2024-04-09,Consumer,North,Wisconsin,Office Supplies,Pens & Art,11,6560.67,0.1,5904.6,4.57,825.27
ORD-1001,2022-08-18,2022-08-21,Consumer,North,Wisconsin,Technology,Phones,4,2308.3,0.15,1962.06,19.47,-241.29
ORD-1002,2023-10-09,2023-10-11,Home Office,West,Washington,Furniture,Chairs,3,552.06,0.2,441.65,39.3,-60.37
ORD-1003,2022-04-24,2022-04-28,Consumer,West,Nevada,Furniture,Bookcases,8,3487.51,0.05,3313.13,31.72,255.53
ORD-1004,2022-01-25,2022-01-27,Corporate,Central,Ohio,Office Supplies,Paper,5,3941.99,0.2,3153.59,5.18,-695.34
ORD-1005,2022-06-22,2022-06-28,Corporate,West,Washington,Furniture,Bookcases,5,2829.64,0.15,2405.19,48.45,-158.85
ORD-1006,2023-07-21,2023-07-23,Home Office,South,Florida,Office Supplies,Paper,12,5426.47,0.15,4612.5,5.56,-693.54
ORD-1007,2024-01-23,2024-01-30,Consumer,South,Georgia,Furniture,Tables,6,1091.47,0.45,600.31,41.03,-426.52
ORD-1008,2024-11-09,2024-11-12,Consumer,West,Washington,Furniture,Desks,12,5686.8,0.2,4549.44,41.14,-922.23
ORD-1009,2022-11-21,2022-11-26,Home Office,South,Texas,Furniture,Chairs,3,1910.35,0.05,1814.83,46.93,167.4
ORD-1010,2022-12-22,2022-12-29,Home Office,West,Oregon,Furniture,Storage,12,1259.08,0.1,1133.17,51.48,-26.78
ORD-1011,2024-07-24,2024-07-26,Consumer,East,Pennsylvania,Furniture,Tables,5,3889.66,0.35,2528.28,44.33,-1403.85
ORD-1012,2022-03-18,2022-03-23,Home Office,East,Pennsylvania,Office Supplies,Labels,13,9608.44,0.0,9608.44,6.72,2880.52
ORD-1013,2024-01-03,2024-01-09,Consumer,North,Wisconsin,Furniture,Bookcases,2,1179.09,0.2,943.27,31.43,-132.05
ORD-1014,2024-03-28,2024-04-04,Consumer,South,Louisiana,Office Supplies,Envelopes,10,3471.63,0.0,3471.63,8.1,691.9
ORD-1015,2024-07-15,2024-07-21,Home Office,South,Georgia,Furniture,Tables,2,419.21,0.3,293.45,39.34,-152.66
ORD-1016,2024-02-02,2024-02-04,Consumer,Central,Ohio,Office Supplies,Paper,4,271.64,0.0,271.64,7.81,13.96
ORD-1017,2024-08-19,2024-08-22,Consumer,Central,Indiana,Furniture,Tables,10,3860.47,0.45,2123.26,53.14,-1480.99
ORD-1018,2023-07-28,2023-07-30,Consumer,North,Michigan,Office Supplies,Envelopes,12,690.29,0.15,586.75,8.33,-8.37
ORD-1019,2022-04-18,2022-04-21,Corporate,North,Minnesota,Office Supplies,Pens & Art,8,1000.34,0.0,1000.34,5.37,278.48
ORD-1020,2024-10-27,2024-10-30,Corporate,North,Minnesota,Office Supplies,Binders,1,775.66,0.2,620.53,7.76,-20.94
ORD-1021,2022-12-13,2022-12-18,Corporate,West,Arizona,Furniture,Desks,1,788.47,0.4,473.08,56.64,-244.07
ORD-1022,2023-03-07,2023-03-11,Corporate,East,Massachusetts,Office Supplies,Labels,1,469.66,0.1,422.69,4.46,66.29
ORD-1023,2024-12-06,2024-12-08,Consumer,North,Illinois,Office Supplies,Envelopes,1,769.21,0.0,769.21,7.78,151.51
ORD-1024,2024-02-08,2024-02-15,Consumer,Central,Kansas,Office Supplies,Paper,10,4816.98,0.1,4335.28,4.54,-348.18
ORD-1025,2024-03-11,2024-03-15,Home Office,Central,Missouri,Office Supplies,Pens & Art,4,894.03,0.0,894.03,7.02,248.22
ORD-1026,2024-09-04,2024-09-08,Corporate,West,Arizona,Technology,Laptops,2,874.09,0.1,786.68,15.94,-20.52
ORD-1027,2024-07-23,2024-07-25,home office,North,Wisconsin,Furniture,Bookcases,5,2475.84,0.2,1980.67,48.63,-272.08
ORD-1028,2022-04-24,2022-05-01,Corporate,Central,Indiana,Office Supplies,Binders,9,1233.24,0.0,1233.24,6.74,306.29
ORD-1029,2022-08-03,2022-08-07,Consumer,East,Connecticut,Office Supplies,Pens & Art,11,3822.58,0.0,3822.58,4.39,1069.01
ORD-1030,2023-08-18,2023-08-22,Home Office,South,Alabama,Furniture,Desks,1,102.82,0.35,66.83,45.44,-41.03
ORD-1031,2023-01-26,2023-01-29,Home Office,Central,Indiana,Technology,Monitors,14,648.44,0.0,648.44,15.25,60.27
ORD-1032,2022-11-28,2022-12-03,Corporate,North,Illinois,Office Supplies,Envelopes,3,2343.97,0.2,1875.18,4.94,-151.5
ORD-1033,2024-11-26,2024-12-01,Consumer,North,North Dakota,Office Supplies,Pens & Art,4,897.77,0.2,718.22,7.15,-2.14
ORD-1034,2022-05-08,2022-05-10,Corporate,North,North Dakota,Technology,Phones,1,533.13,0.05,506.47,16.74,5.11
ORD-1035,2024-10-11,2024-10-15,Corporate,East,Massachusetts,Office Supplies,Labels,1,105.54,0.0,105.54,4.95,30.18
ORD-1036,2023-10-14,2023-10-20,Consumer,North,Michigan,Office Supplies,Envelopes,10,7876.25,0.0,7876.25,5.82,1573.5
ORD-1037,2024-08-22,2024-08-26,Corporate,South,Texas,Technology,Monitors,12,9037.28,0.15,7681.69,21.05,-851.3
ORD-1038,2022-05-24,2022-05-28,Consumer,West,Nevada,Office Supplies,Pens & Art,15,3761.29,0.0,3761.29,7.0,1051.06
ORD-1039,2024-03-13,2024-03-17,Home Office,West,Washington,Furniture,Storage,11,6625.14,0.0,6625.14,47.5,847.02
ORD-1040,2024-03-20,2024-03-23,Home Office,West,Oregon,Technology,Accessories,11,2947.62,0.05,2800.24,18.17,414.58
ORD-1041,2024-05-21,2024-05-24,Corporate,Central,Ohio,Office Supplies,Paper,10,2781.23,0.2,2224.98,8.2,-491.96
ORD-1042,2023-01-20,2023-01-27,Consumer,East,New York,Technology,Phones,14,8655.7,0.05,8222.92,17.82,159.11
ORD-1043,2022-06-21,2022-06-23,Consumer,Central,Kansas,Office Supplies,Envelopes,12,232.23,0.2,185.78,7.81,-17.21
ORD-1044,2022-01-28,2022-02-03,Consumer,West,Arizona,Technology,Printers,2,746.65,0.45,410.66,21.01,-281.45
ORD-1045,2024-07-15,2024-07-19,Corporate,Central,Colorado,Furniture,Storage,15,2099.08,0.2,1679.26,43.36,-264.9
ORD-1046,2023-09-15,2023-09-19,Home Office,South,Alabama,Furniture,Storage,2,1150.27,0.0,1150.27,37.39,138.32
ORD-1047,2022-06-23,2022-06-28,Consumer,Central,Indiana,Technology,Phones,4,261.68,0.05,248.6,16.77,-0.06
ORD-1048,2024-12-23,2024-12-28,Consumer,West,Arizona,Technology,Monitors,1,687.53,0.2,550.02,19.85,-104.96
ORD-1049,2024-08-18,2024-08-22,Corporate,North,North Dakota,Furniture,Tables,13,6351.19,0.35,4128.27,43.75,-2283.67
ORD-1050,2023-10-24,2023-10-30,Corporate,West,Oregon,Technology,Monitors,3,2024.39,0.0,2024.39,24.96,194.95
ORD-1051,2023-02-05,2023-02-09,Corporate,North,Minnesota,Office Supplies,Labels,14,5284.07,0.0,5284.07,5.29,1583.63
ORD-1052,2023-04-09,2023-04-11,Corporate,South,Alabama,Furniture,Bookcases,14,1110.15,0.0,1110.15,51.42,151.1
ORD-1053,2022-11-07,2022-11-12,Consumer,East,New York,Office Supplies,Binders,14,433.98,0.0,433.98,5.2,106.94
ORD-1054,2022-11-20,2022-11-23,Home Office,North,Michigan,Technology,Monitors,10,7715.32,0.15,6558.02,14.04,-725.59
ORD-1055,2023-09-13,2023-09-20,Consumer,East,New Jersey,Office Supplies,Binders,12,2048.27,0.1,1843.44,7.1,200.65
ORD-1056,2024-11-26,2024-11-28,Consumer,South,Louisiana,Office Supplies,Pens & Art,1,287.55,0.05,273.17,6.98,55.27
ORD-1057,2022-11-14,2022-11-17,Home Office,Central,Kansas,Furniture,Chairs,6,3083.61,0.2,2466.89,42.92,-284.23
ORD-1058,2024-09-25,2024-09-29,Consumer,West,Oregon,Office Supplies,Labels,8,3039.41,0.2,2431.53,7.27,46.45
ORD-1059,2023-04-19,2023-04-23,Consumer,East,Massachusetts,Technology,Accessories,10,5395.28,0.0,5395.28,12.96,1183.07
ORD-1060,2024-05-23,2024-05-26,Corporate,South,Georgia,Technology,Accessories,15,3478.06,0.0,3478.06,19.11,759.44
ORD-1061,2022-09-23,2022-09-25,Consumer,North,North Dakota,Office Supplies,Envelopes,8,4176.27,0.05,3967.46,6.08,513.95
ORD-1062,2024-05-12,2024-05-19,Corporate,North,Wisconsin,Technology,Monitors,8,3595.81,0.0,3595.81,17.96,354.19
ORD-1063,2022-05-04,2022-05-11,Corporate,Central,Missouri,Furniture,Tables,12,1994.14,0.3,1395.9,51.24,-685.4
ORD-1064,2024-10-20,2024-10-23,Consumer,South,Georgia,Technology,Monitors,5,3923.5,0.2,3138.8,15.05,-569.5
ORD-1065,2022-02-02,2022-02-07,Consumer,East,Connecticut,Furniture,Chairs,9,2198.95,0.0,2198.95,48.15,359.38
ORD-1066,2023-07-06,2023-07-08,Consumer,North,North Dakota,Office Supplies,Pens & Art,1,213.2,0.2,170.56,6.21,-1.86
ORD-1067,2024-03-10,2024-03-15,Corporate,West,California,Technology,Printers,2,1590.45,0.3,1113.32,19.63,-518.02
ORD-1068,2023-06-10,2023-06-16,Home Office,Central,Colorado,Office Supplies,Paper,14,6677.89,0.05,6344.0,5.48,-65.08
ORD-1069,2023-09-22,2023-09-25,Home Office,North,Wisconsin,Office Supplies,Binders,2,276.58,0.0,276.58,6.52,67.19
ORD-1070,2022-05-10,2022-05-17,Corporate,North,North Dakota,Furniture,Storage,12,2843.21,0.2,2274.57,42.75,-354.01
ORD-1071,2024-07-08,2024-07-10,Corporate,South,Florida,Office Supplies,Labels,11,1451.52,0.0,1451.52,7.67,433.15
ORD-1072,2023-12-04,2023-12-08,Consumer,North,Illinois,Furniture,Storage,-8,4444.9,0.15,3778.16,41.23,-314.62
ORD-1073,2023-09-24,2023-10-01,Home Office,Central,Ohio,Furniture,Tables,6,2933.49,0.3,2053.44,32.09,-995.28
ORD-1074,2022-01-16,2022-01-22,Home Office,Central,Colorado,Technology,Accessories,9,4737.91,0.0,4737.91,14.89,1037.87
ORD-1075,2023-05-11,2023-05-18,Home Office,West,Arizona,Furniture,Chairs,11,1068.22,0.0,1068.22,39.1,169.87
ORD-1076,2022-01-11,2022-01-17,Corporate,West,Nevada,Office Supplies,Envelopes,5,1343.85,0.2,1075.08,5.9,-87.78
ORD-1077,2024-01-12,2024-01-14,Home Office,North,North Dakota,Office Supplies,Envelopes,10,6088.08,0.15,5174.87,6.06,-53.57
ORD-1078,2024-07-16,2024-07-19,Corporate,South,Georgia,Office Supplies,Paper,2,75.33,0.15,64.03,6.76,-11.63
ORD-1079,2022-06-27,2022-06-30,Corporate,South,Louisiana,Office Supplies,Binders,15,1561.0,0.0,1561.0,6.92,388.17
ORD-1080,2023-06-16,2023-06-22,Home Office,West,Oregon,Furniture,Storage,4,1494.31,0.0,1494.31,40.68,182.06
ORD-1081,2023-11-11,2023-11-15,Home Office,Central,Missouri,Technology,Laptops,15,9500.37,0.0,9500.37,22.94,1133.16
ORD-1082,2023-07-12,2023-07-16,Home Office,East,Pennsylvania,Office Supplies,Envelopes,6,2689.53,0.1,2420.58,5.78,143.5
ORD-1083,2023-04-02,2023-04-09,Home Office,South,Alabama,Technology,Printers,6,3597.56,0.45,1978.66,17.46,-1330.94
ORD-1084,2023-12-28,2024-01-02,Corporate,South,Louisiana,Technology,Phones,2,1402.48,0.05,1332.36,13.86,22.49
ORD-1085,2023-02-11,2023-02-15,consumer,North,Wisconsin,Technology,Monitors,10,5587.73,0.15,4749.57,13.61,-526.54
ORD-1086,2022-01-08,2022-01-15,Corporate,Central,Colorado,Furniture,Tables,11,6074.79,0.4,3644.87,58.72,-2277.44
ORD-1087,2023-03-01,2023-03-05,Corporate,North,North Dakota,Technology,Laptops,1,269.63,0.0,269.63,16.3,27.47
ORD-1088,2022-09-06,2022-09-09,Consumer,West,Arizona,Technology,Printers,3,230.97,0.45,127.03,20.41,-91.23
ORD-1089,2023-09-09,2023-09-13,Home Office,West,Arizona,Technology,Phones,11,246.15,0.2,196.92,18.46,-42.95
ORD-1090,2023-12-21,2023-12-24,Consumer,Central,Missouri,Technology,Monitors,7,3898.27,0.05,3703.36,23.25,104.13
ORD-1091,2024-09-10,2024-09-14,Corporate,West,Arizona,Technology,Phones,12,2961.07,0.2,2368.86,20.89,-456.35
ORD-1092,2023-11-25,2023-12-02,Home Office,North,Illinois,Office Supplies,Binders,13,2543.36,0.2,2034.69,5.68,-62.74
ORD-1093,2024-12-02,2024-12-09,Home Office,South,Texas,Furniture,Desks,5,3170.3,0.3,2219.21,46.44,-768.46
ORD-1094,2022-03-26,2022-03-30,Consumer,South,Alabama,Furniture,Bookcases,9,6327.19,0.0,6327.19,45.01,935.58
ORD-1095,2023-11-03,2023-11-10,Corporate,South,Georgia,Furniture,Bookcases,3,1821.03,0.0,1821.03,54.69,256.75
ORD-1096,2024-01-04,2024-01-10,Home Office,West,Arizona,Furniture,Chairs,8,2434.72,0.15,2069.51,49.17,-97.53
ORD-1097,2024-07-18,2024-07-25,Home Office,West,Washington,Furniture,Chairs,6,4400.86,0.0,4400.86,48.44,733.61
ORD-1098,2022-03-10,2022-03-13,Home Office,West,California,Furniture,Tables,8,849.24,0.35,552.01,55.49,-320.25
ORD-1099,2024-09-05,2024-09-11,Corporate,West,Arizona,Furniture,Storage,15,5110.27,0.0,5110.27,53.91,648.16
ORD-1100,2022-07-28,2022-08-04,Corporate,West,Washington,Technology,Accessories,6,557.96,0.15,474.27,17.23,-0.43
ORD-1101,2023-12-03,2023-12-05,Consumer,East,Pennsylvania,Furniture,Bookcases,11,1996.53,0.15,1697.05,46.96,-115.91
ORD-1102,2024-03-07,2024-03-10,Corporate,North,Illinois,Technology,Phones,10,1845.22,0.2,1476.18,15.54,-285.14
ORD-1103,2022-08-04,2022-08-07,Consumer,Central,Indiana,Furniture,Desks,11,7646.78,0.35,4970.41,29.84,-2046.82
ORD-1104,2024-01-14,2024-01-18,Corporate,Central,Missouri,Technology,Phones,9,937.93,0.0,937.93,18.6,78.83
ORD-1105,2024-04-02,2024-04-06,Home Office,Central,Colorado,Technology,Monitors,12,7558.0,0.2,6046.4,20.9,-1094.62
ORD-1106,2023-11-22,2023-11-24,Home Office,West,Arizona,Technology,Laptops,2,799.72,0.05,759.73,13.53,33.93
ORD-1107,2024-04-19,2024-04-25,Home Office,East,Pennsylvania,Technology,Laptops,9,5166.36,0.05,4908.04,25.13,237.86
ORD-1108,2024-02-04,2024-02-07,Corporate,East,Massachusetts,Office Supplies,Labels,14,7405.3,0.2,5924.24,6.52,116.53
ORD-1109,2023-11-14,2023-11-18,Corporate,West,Oregon,Technology,Monitors,12,1075.71,0.05,1021.92,16.54,25.7
ORD-1110,2022-02-03,2022-02-06,Consumer,East,New York,Office Supplies,Envelopes,7,635.62,0.15,540.28,5.77,-7.13
ORD-1111,2022-05-14,2022-05-21,Consumer,Central,Colorado,Office Supplies,Labels,6,4204.69,0.2,3363.75,5.98,65.48
ORD-1112,2024-02-07,2024-02-11,Corporate,North,Michigan,Office Supplies,Pens & Art,3,1591.61,0.0,1591.61,7.76,443.32
ORD-1113,2023-04-28,2023-05-05,Corporate,Central,Colorado,Technology,Accessories,9,7020.17,0.2,5616.14,20.43,-343.1
ORD-1114,2024-03-25,2024-03-28,Consumer,Central,Ohio,Office Supplies,Pens & Art,5,3692.03,0.0,3692.03,4.23,1032.5
ORD-1115,2022-10-03,2022-10-07,Home Office,Central,Indiana,Furniture,Chairs,12,5177.15,0.05,4918.29,41.74,479.31
ORD-1116,2022-09-05,2022-09-09,Corporate,South,Louisiana,Furniture,Bookcases,3,1821.7,0.0,1821.7,49.21,258.49
ORD-1117,2023-07-07,2023-07-11,Home Office,West,Nevada,Furniture,Tables,13,5423.49,0.4,3254.09,42.04,-2030.15
ORD-1118,2024-04-02,2024-04-06,Corporate,Central,Ohio,Office Supplies,Pens & Art,1,175.47,0.0,175.47,7.42,46.91
ORD-1119,2022-11-05,2022-11-12,Corporate,East,Massachusetts,Technology,Laptops,7,3031.54,0.0,3031.54,18.9,358.11
ORD-1120,2022-01-28,2022-02-04,Consumer,East,Massachusetts,Furniture,Chairs,6,2801.83,0.1,2521.65,41.29,63.26
ORD-1121,2022-12-26,2022-12-28,Corporate,West,California,Technology,Monitors,10,3761.76,0.15,3197.5,24.19,-358.98
ORD-1122,2022-06-13,2022-06-16,Consumer,West,Nevada,Technology,Monitors,14,3619.92,0.0,3619.92,15.39,357.38
ORD-1123,2023-08-12,2023-08-15,Home Office,North,Illinois,Office Supplies,Binders,12,9206.46,0.15,7825.49,7.62,310.73
ORD-1124,2024-09-03,2024-09-09,Consumer,North,Wisconsin,Furniture,Desks,3,2285.29,0.45,1256.91,43.04,-704.21
ORD-1125,2024-05-11,2024-05-15,Corporate,Central,Colorado,Office Supplies,Labels,3,1080.64,0.05,1026.61,6.06,234.3
ORD-1126,2023-02-15,2023-02-22,Home Office,East,Connecticut,Technology,Accessories,1,59.66,0.2,47.73,16.22,-7.73
ORD-1127,2024-07-26,2024-08-01,Home Office,North,North Dakota,Office Supplies,Labels,12,8619.16,0.05,8188.2,8.02,1880.88
ORD-1128,2022-03-15,2022-03-22,Corporate,South,Louisiana,Office Supplies,Envelopes,2,1303.22,0.2,1042.58,5.64,-85.1
ORD-1129,2023-04-15,2023-04-19,Home Office,North,Minnesota,Office Supplies,Paper,9,3828.21,0.0,3828.21,5.73,227.97
ORD-1130,2024-11-11,2024-11-15,Corporate,West,California,Furniture,Storage,2,547.61,0.1,492.85,49.34,-19.73
ORD-1131,2024-05-22,2024-05-29,Home Office,East,Pennsylvania,Office Supplies,Labels,3,2203.94,0.0,2203.94,8.26,658.7
ORD-1132,2024-09-26,2024-10-03,Consumer,West,Oregon,Office Supplies,Binders,6,3920.1,0.15,3332.09,7.15,131.14
ORD-1133,2023-06-10,2023-06-15,Consumer,Central,Colorado,Office Supplies,Envelopes,3,2285.0,0.0,2285.0,8.18,454.55
ORD-1134,2022-05-17,2022-05-19,Consumer,South,Texas,Technology,Phones,13,5703.36,0.15,4847.86,23.73,-588.86
ORD-1135,2022-03-27,2022-03-29,Home Office,East,Massachusetts,Technology,Printers,12,7443.74,0.35,4838.43,21.69,-2570.87
ORD-1136,2024-09-26,2024-10-01,Corporate,West,Arizona,Office Supplies,Paper,8,1589.54,0.0,1589.54,5.5,93.72
ORD-1137,2023-07-25,2023-07-28,Corporate,South,Alabama,Office Supplies,Labels,7,2868.47,0.05,2725.05,8.26,624.28
ORD-1138,2024-12-04,2024-12-06,Consumer,Central,Kansas,Furniture,Chairs,12,8148.31,0.2,6518.65,33.07,-726.97
ORD-1139,2022-11-08,2022-11-13,Corporate,South,Florida,Furniture,Storage,14,5167.9,0.0,5167.9,56.76,654.8
ORD-1140,2022-06-12,2022-06-19,Corporate,North,Wisconsin,Office Supplies,Pens & Art,4,148.51,0.0,148.51,7.72,39.27
ORD-1141,2023-12-23,2023-12-29,Consumer,East,New Jersey,Technology,Laptops,14,1735.33,0.15,1475.03,18.51,-138.31
ORD-1142,2024-11-24,2024-11-27,Consumer,North,Wisconsin,Technology,Accessories,10,4293.01,0.0,4293.01,22.38,937.75
ORD-1143,2024-09-15,2024-09-17,Consumer,East,Massachusetts,Technology,Phones,2,204.05,0.05,193.85,20.12,-2.16
ORD-1144,2024-07-12,2024-07-14,Home Office,Central,Missouri,Technology,Phones,4,1851.88,0.0,1851.88,20.97,160.38
ORD-1145,2024-08-18,2024-08-23,Corporate,Central,Colorado,Technology,Printers,1,321.51,0.45,176.83,13.15,-122.42
ORD-1146,,2023-11-15,Corporate,East,New Jersey,Office Supplies,Binders,12,6369.92,0.0,6369.92,7.44,1590.25
ORD-1147,2024-05-06,2024-05-11,Consumer,East,Connecticut,Technology,Accessories,14,8772.78,0.05,8334.14,24.96,1242.63
ORD-1148,2022-05-26,2022-06-01,Consumer,South,Texas,Technology,Monitors,4,2841.38,0.0,2841.38,24.36,276.83
ORD-1149,2022-11-10,2022-11-14,Home Office,West,California,Furniture,Bookcases,6,4150.67,0.0,4150.67,54.85,606.15
ORD-1150,2023-11-11,2023-11-17,CORPORATE,East,Massachusetts,Furniture,Tables,3,1213.56,0.45,667.46,40.2,-472.61
ORD-1151,2022-07-18,2022-07-22,Consumer,East,New York,Office Supplies,Envelopes,5,1335.75,0.0,1335.75,5.58,265.48
ORD-1152,2023-10-15,2023-10-20,Corporate,East,Pennsylvania,Office Supplies,Envelopes,1,585.55,0.0,585.55,6.78,115.08
ORD-1153,2024-06-22,2024-06-29,Home Office,East,Massachusetts,Technology,Laptops,3,2288.82,0.0,2288.82,23.29,267.67
ORD-1154,2023-11-12,2023-11-19,Consumer,West,Washington,Technology,Laptops,7,5322.32,0.0,5322.32,20.22,632.61
ORD-1155,,2024-09-14,Corporate,West,California,Furniture,Tables,7,1832.55,0.4,1099.53,36.74,-692.73
ORD-1156,2024-06-04,2024-06-10,Home Office,North,Illinois,Technology,Monitors,5,3116.74,0.15,2649.23,18.22,-296.88
ORD-1157,2022-03-15,2022-03-22,Home Office,East,New York,Furniture,Desks,3,2161.39,0.45,1188.76,58.72,-671.43
ORD-1158,2023-08-28,2023-09-01,Home Office,East,Connecticut,Furniture,Chairs,3,1721.31,0.15,1463.11,48.15,-72.97
ORD-1159,2023-04-01,2023-04-07,Consumer,Central,Indiana,Technology,Phones,6,2699.44,0.0,2699.44,18.49,237.4
ORD-1160,2024-06-24,2024-06-30,Home Office,South,Georgia,Technology,Laptops,8,3421.37,0.2,2737.1,17.76,-443.26
ORD-1161,2024-07-12,2024-07-18,Consumer,North,North Dakota,Furniture,Chairs,3,2112.6,0.2,1690.08,45.61,-199.59
ORD-1162,2024-11-05,2024-11-08,Consumer,South,Texas,Furniture,Storage,5,721.28,0.0,721.28,56.88,76.7
ORD-1163,2024-03-09,2024-03-15,Home Office,East,New Jersey,Furniture,Chairs,3,1516.93,0.1,1365.24,45.08,27.43
ORD-1164,2024-10-20,2024-10-22,Home Office,South,Florida,Office Supplies,Paper,6,4058.32,0.1,3652.49,4.37,-293.51
ORD-1165,2024-10-14,2024-10-20,Consumer,North,Michigan,Office Supplies,Labels,10,5166.08,0.05,4907.78,7.93,1126.41
ORD-1166,2024-11-13,2024-11-18,Home Office,East,Pennsylvania,Furniture,Tables,5,1855.16,0.3,1298.61,34.05,-633.55
ORD-1167,2024-03-11,2024-03-14,Corporate,West,Nevada,Technology,Accessories,12,9487.18,0.0,9487.18,24.89,2079.71
ORD-1168,2022-04-09,2022-04-14,Home Office,East,New Jersey,Office Supplies,Binders,8,1676.93,0.0,1676.93,4.41,417.91
ORD-1169,2024-12-11,2024-12-16,Corporate,Central,Missouri,Technology,Phones,4,2456.2,0.05,2333.39,25.15,39.12
ORD-1170,2024-12-15,2024-12-19,Corporate,West,California,Furniture,Chairs,4,735.55,0.0,735.55,30.83,115.79
ORD-1171,2022-08-14,2022-08-19,Home Office,West,Oregon,Office Supplies,Envelopes,3,2123.18,0.15,1804.7,5.74,-19.77
ORD-1172,2023-09-18,2023-09-24,Consumer,East,Connecticut,Furniture,Chairs,5,363.61,0.1,327.25,42.64,-2.97
ORD-1173,2022-02-13,2022-02-17,Home Office,East,New York,Office Supplies,Labels,6,3833.97,0.0,3833.97,6.54,1148.23
ORD-1174,2022-08-02,2022-08-07,Consumer,South,Alabama,Office Supplies,Labels,3,1725.51,0.2,1380.41,6.19,25.75
ORD-1175,2023-12-06,2023-12-12,Home Office,South,Georgia,Office Supplies,Paper,7,5548.43,0.15,4716.17,7.74,-709.75
ORD-1176,2023-10-16,2023-10-21,Home Office,East,Massachusetts,Office Supplies,Labels,14,392.84,0.0,392.84,7.03,115.74
ORD-1177,2024-07-26,2024-08-01,Corporate,Central,Colorado,Office Supplies,Binders,13,6098.33,0.0,6098.33,7.23,1522.41
ORD-1178,2024-03-08,2024-03-10,Consumer,West,Arizona,Office Supplies,Labels,1,464.47,0.15,394.8,4.66,34.13
ORD-1179,2023-10-17,2023-10-24,Corporate,West,Arizona,Furniture,Desks,13,6435.13,0.45,3539.32,55.06,-1963.14
ORD-1180,2024-09-16,2024-09-22,Home Office,North,Wisconsin,Technology,Printers,9,2797.27,0.35,1818.23,18.39,-969.18
ORD-1181,2022-07-09,2022-07-16,Home Office,East,Connecticut,Furniture,Bookcases,9,2243.9,0.0,2243.9,52.07,320.96
ORD-1182,2024-07-26,2024-08-01,Home Office,South,Georgia,Office Supplies,Envelopes,12,2755.97,0.0,2755.97,6.61,549.21
ORD-1183,2024-01-03,2024-01-06,Corporate,West,Oregon,Furniture,Desks,6,4442.09,0.4,2665.25,51.37,-1294.73
ORD-1184,2024-03-24,2024-03-30,Home Office,South,Georgia,Furniture,Storage,10,2028.36,0.0,2028.36,49.09,248.96
ORD-1185,2024-06-16,2024-06-22,Home Office,South,Texas,Technology,Laptops,2,1099.47,0.0,1099.47,12.67,128.14
ORD-1186,2023-10-11,2023-10-17,Corporate,South,Alabama,Office Supplies,Envelopes,5,2610.15,0.2,2088.12,4.58,-168.42
ORD-1187,2022-06-02,2022-06-09,Home Office,South,Florida,Office Supplies,Binders,14,4572.97,0.05,4344.32,4.98,780.48
ORD-1188,2023-09-10,2023-09-13,Consumer,East,Connecticut,Technology,Accessories,8,6331.54,0.1,5698.39,19.21,450.11
ORD-1189,2024-05-15,2024-05-19,Corporate,Central,Ohio,Furniture,Desks,11,2386.48,0.35,1551.21,29.81,-644.94
ORD-1190,2024-09-13,2024-09-20,Home Office,East,Pennsylvania,Office Supplies,Paper,14,4910.46,0.0,4910.46,4.56,293.26
ORD-1191,2022-12-09,2022-12-13,Consumer,North,Michigan,Technology,Monitors,7,1399.19,0.2,1119.35,15.96,-206.27
ORD-1192,2023-04-23,2023-04-26,Home Office,East,New York,Office Supplies,Labels,4,255.07,0.0,255.07,6.15,74.68
ORD-1193,2023-09-12,2023-09-17,Home Office,West,California,Office Supplies,Pens & Art,10,1883.67,0.0,1883.67,6.21,525.56
ORD-1194,2024-11-27,2024-11-29,Corporate,Central,Kansas,Furniture,Storage,4,2452.24,0.15,2084.4,51.59,-182.23
ORD-1195,2022-12-02,2022-12-08,Corporate,Central,Ohio,Office Supplies,Pens & Art,14,6228.67,0.1,5605.8,5.05,783.3
ORD-1196,2022-02-23,2022-02-25,Consumer,South,Alabama,Furniture,Storage,10,3987.3,0.1,3588.57,42.5,-48.64
ORD-1197,2024-09-15,2024-09-19,Consumer,West,Arizona,Office Supplies,Envelopes,11,7132.71,0.15,6062.8,4.29,-61.91
ORD-1198,2023-01-23,2023-01-25,Home Office,North,Minnesota,Technology,Printers,2,879.63,0.3,615.74,24.38,-290.55
ORD-1199,2024-11-24,2024-11-29,Consumer,West,Washington,Furniture,Tables,11,8487.26,0.4,5092.36,58.59,-3174.84
ORD-1200,2023-02-04,2023-02-11,Corporate,West,Nevada,Furniture,Chairs,3,2383.15,0.05,2263.99,44.95,212.91
ORD-1201,2024-10-14,2024-10-18,Consumer,South,Alabama,Technology,Accessories,9,2814.59,0.0,2814.59,15.72,614.49
ORD-1202,2023-11-20,2023-11-22,Corporate,South,Texas,Technology,Laptops,13,9749.31,0.0,9749.31,15.63,1165.23
ORD-1203,2022-10-08,2022-10-11,Home Office,North,Illinois,Technology,Monitors,12,596.71,0.05,566.87,15.55,12.34
ORD-1204,2024-11-19,2024-11-23,Consumer,North,Wisconsin,Office Supplies,Pens & Art,6,2809.91,0.2,2247.93,7.02,-2.11
ORD-1205,2023-06-02,2023-06-07,Corporate,South,Florida,Technology,Printers,9,6836.3,0.35,4443.6,20.49,-2361.25
ORD-1206,2023-11-23,2023-11-29,Corporate,Central,Kansas,Technology,Accessories,7,2348.38,0.0,2348.38,17.34,511.44
ORD-1207,2022-11-18,2022-11-23,Consumer,West,Washington,Technology,Accessories,7,5422.99,0.1,4880.69,19.28,384.67
ORD-1208,2023-12-03,2023-12-08,Corporate,South,Texas,Technology,Accessories,9,5254.19,0.0,5254.19,13.25,1151.95
ORD-1209,2024-11-24,2024-11-28,Home Office,Central,Indiana,Technology,Laptops,11,4990.67,0.05,4741.14,15.23,232.49
ORD-1210,2023-11-08,2023-11-11,Consumer,East,New York,Technology,Phones,12,5873.46,0.0,5873.46,17.6,523.33
ORD-1211,2023-08-10,2023-08-17,Corporate,Central,Kansas,Furniture,Tables,5,1486.61,0.45,817.64,43.1,-577.1
ORD-1212,2024-06-28,2024-07-04,Corporate,West,Oregon,Technology,Accessories,4,2387.53,0.0,2387.53,15.89,520.49
ORD-1213,2022-03-13,2022-03-20,Home Office,Central,Indiana,Furniture,Bookcases,10,6691.9,0.05,6357.3,45.59,494.91
ORD-1214,2023-03-06,2023-03-12,Corporate,East,Massachusetts,Furniture,Tables,3,1741.34,0.45,957.74,34.81,-671.28
ORD-1215,2023-11-05,2023-11-07,Home Office,North,Minnesota,Technology,Laptops,14,7141.41,0.0,7141.41,21.51,850.52
ORD-1216,2024-09-20,2024-09-26,consumer,South,Texas,Furniture,Bookcases,15,5914.73,0.05,5618.99,29.86,440.56
ORD-1217,2024-10-10,2024-10-13,Corporate,Central,Colorado,Technology,Laptops,1,409.24,0.15,347.85,21.09,-37.63
ORD-1218,2024-03-09,2024-03-13,Consumer,North,Wisconsin,Office Supplies,Paper,14,4105.31,0.2,3284.25,5.87,-724.3
ORD-1219,2022-05-21,2022-05-26,Corporate,West,Washington,Office Supplies,Paper,14,7352.34,0.0,7352.34,4.59,439.76
ORD-1220,2022-10-16,2022-10-18,Home Office,West,California,Furniture,Chairs,14,4978.67,0.2,3982.94,39.14,-449.87
ORD-1221,2022-07-03,2022-07-05,Consumer,Central,Colorado,Technology,Phones,11,8157.42,0.1,7341.68,19.7,-372.99
ORD-1222,2024-03-27,2024-03-30,Corporate,South,Louisiana,Technology,Phones,7,5209.17,0.0,5209.17,14.65,464.43
ORD-1223,2024-06-05,2024-06-12,Corporate,Central,Missouri,Office Supplies,Labels,13,10282.42,0.15,8740.06,4.53,785.25
ORD-1224,2023-11-20,2023-11-24,Consumer,East,Pennsylvania,Technology,Monitors,13,6459.49,0.1,5813.54,17.6,-237.82
ORD-1225,2024-04-13,2024-04-15,Home Office,North,North Dakota,Furniture,Tables,7,1125.63,0.2,900.5,48.82,-320.82
ORD-1226,2023-04-23,2023-04-27,Corporate,Central,Ohio,Technology,Laptops,13,6663.96,0.15,5664.37,17.51,-515.05
ORD-1227,2023-06-04,2023-06-10,Consumer,North,North Dakota,Technology,Accessories,3,250.58,0.05,238.05,18.26,30.23
ORD-1228,2022-06-20,2022-06-24,Corporate,Central,Ohio,Technology,Laptops,10,6307.84,0.2,5046.27,17.45,-812.64
ORD-1229,2022-09-22,2022-09-27,Corporate,West,Washington,Technology,Printers,7,1036.41,0.4,621.85,16.39,-378.03
ORD-1230,2023-07-26,2023-07-31,Consumer,South,Georgia,Technology,Monitors,2,596.97,0.0,596.97,21.68,53.19
ORD-1231,2022-03-13,2022-03-17,Home Office,Central,Ohio,Technology,Monitors,6,4054.0,0.05,3851.3,,108.72
ORD-1232,2024-05-23,2024-05-27,Corporate,West,Washington,Furniture,Storage,4,1564.09,0.0,1564.09,57.76,186.0
ORD-1233,2023-11-13,2023-11-19,Home Office,East,Connecticut,Office Supplies,Envelopes,5,3279.74,0.05,3115.75,5.73,403.33
ORD-1234,2024-01-15,2024-01-22,Home Office,South,Louisiana,Office Supplies,Paper,12,2154.89,0.2,1723.91,5.42,-380.89
ORD-1235,2022-09-09,2022-09-11,Corporate,North,Wisconsin,Office Supplies,Envelopes,11,1496.03,0.05,1421.23,7.51,182.51
ORD-1236,2024-08-14,2024-08-20,consumer,West,Arizona,Furniture,Storage,9,394.75,0.0,394.75,50.03,36.31
ORD-1237,2023-10-06,2023-10-13,Home Office,Central,Indiana,Technology,Laptops,11,5455.47,0.1,4909.92,,-105.7
ORD-1238,2022-02-17,2022-02-20,Corporate,West,California,Furniture,Chairs,12,5067.07,0.1,4560.36,49.62,121.92
ORD-1239,2022-10-12,2022-10-14,Corporate,West,Nevada,Furniture,Tables,1,393.98,0.4,236.39,41.63,-159.05
ORD-1240,2022-05-17,2022-05-24,Home Office,North,Michigan,Technology,Accessories,8,2307.33,0.0,2307.33,18.12,502.18
ORD-1241,2022-11-01,2022-11-04,Corporate,West,California,Technology,Accessories,14,3980.43,0.0,3980.43,21.13,869.36
ORD-1242,2023-05-15,2023-05-22,Home Office,South,Florida,Technology,Printers,4,2564.95,0.35,1667.22,14.95,-888.11
ORD-1243,2023-07-13,2023-07-20,Corporate,West,Washington,Technology,Printers,1,568.22,0.35,369.34,16.11,-200.58
ORD-1244,2022-06-15,2022-06-22,Home Office,North,Wisconsin,Technology,Printers,2,441.89,0.45,243.04,19.25,-168.61
ORD-1245,2023-09-12,2023-09-19,Home Office,East,Massachusetts,Furniture,Storage,14,5241.89,0.0,5241.89,53.32,665.45
ORD-1246,2022-05-10,2022-05-15,Home Office,East,Pennsylvania,Office Supplies,Binders,2,317.38,0.15,269.77,4.79,9.35
ORD-1247,2023-07-21,2023-07-26,Home Office,West,Arizona,Technology,Printers,9,5034.1,0.35,3272.17,19.59,-1740.13
ORD-1248,2023-09-01,2023-09-07,Consumer,East,Massachusetts,Technology,Accessories,8,977.44,0.2,781.95,17.44,-52.15
ORD-1249,2023-06-16,2023-06-19,Home Office,Central,Kansas,Furniture,Tables,3,239.69,0.3,167.78,52.8,-96.37
ORD-1250,2023-05-19,2023-05-21,Consumer,East,Connecticut,Furniture,Desks,12,7457.4,0.45,4101.57,45.56,-2269.53
ORD-1251,2022-08-25,2022-08-27,Consumer,Central,Missouri,Furniture,Storage,12,4337.67,0.0,4337.67,58.5,546.35
ORD-1252,2022-05-15,2022-05-18,Corporate,South,Georgia,Technology,Monitors,14,11133.59,0.2,8906.87,22.83,-1610.09
ORD-1253,2022-03-26,2022-03-30,Home Office,Central,Kansas,Furniture,Storage,4,2614.48,0.2,2091.58,31.15,-323.08
ORD-1254,2024-05-10,2024-05-17,Corporate,Central,Indiana,Office Supplies,Labels,5,2322.99,0.2,1858.39,6.36,35.26
ORD-1255,2022-12-23,2022-12-26,Consumer,North,Michigan,Furniture,Chairs,14,1668.27,0.0,1668.27,50.32,268.51
ORD-1256,2023-09-15,2023-09-22,Corporate,West,Oregon,Technology,Printers,2,1024.8,0.3,717.36,17.68,-335.29
ORD-1257,2022-05-28,2022-06-02,Home Office,East,Massachusetts,Furniture,Tables,13,8840.34,0.3,6188.24,50.89,-2985.62
ORD-1258,2022-12-16,2022-12-22,Consumer,East,Pennsylvania,Office Supplies,Envelopes,5,1342.25,0.0,1342.25,5.62,266.76
ORD-1259,2024-01-26,2024-01-29,Home Office,South,Texas,Furniture,Bookcases,14,5260.8,0.0,5260.8,56.73,772.1
ORD-1260,2022-12-21,2022-12-25,Corporate,West,Washington,Technology,Monitors,5,698.99,0.0,698.99,13.78,65.77
ORD-1261,2023-06-24,2023-07-01,Consumer,East,New York,Furniture,Desks,12,7294.29,0.45,4011.86,48.67,-2221.12
ORD-1262,2022-02-17,2022-02-19,Consumer,North,Minnesota,Technology,Monitors,11,4008.15,0.0,4008.15,21.36,394.41
ORD-1263,2022-04-24,2022-04-28,Home Office,West,California,Technology,Monitors,13,1240.27,0.0,1240.27,17.23,118.86
ORD-1264,2022-08-20,2022-08-27,Corporate,South,Texas,Technology,Phones,-11,1582.15,0.0,1582.15,21.7,135.88
ORD-1265,2022-02-05,2022-02-10,Corporate,South,Florida,Office Supplies,Envelopes,13,1451.82,0.15,1234.05,5.81,-14.08
ORD-1266,2024-04-20,2024-04-22,Consumer,East,New York,Technology,Accessories,12,5903.53,0.2,4722.82,24.46,-290.71
ORD-1267,2023-03-10,2023-03-15,Consumer,East,Connecticut,Office Supplies,Labels,11,636.2,0.2,508.96,8.21,7.72
ORD-1268,2022-02-12,2022-02-18,Consumer,West,Nevada,Technology,Monitors,15,3951.47,0.05,3753.9,23.45,105.58
ORD-1269,2022-12-01,2022-12-03,Corporate,West,Arizona,Office Supplies,Paper,10,680.13,0.0,680.13,5.11,39.27
ORD-1270,2023-07-03,2023-07-05,Home Office,West,Arizona,Furniture,Storage,11,4798.24,0.1,4318.42,33.89,-53.35
ORD-1271,2023-08-19,2023-08-21,Consumer,East,Pennsylvania,Office Supplies,Paper,11,6755.44,0.15,5742.12,7.06,-863.44
ORD-1272,2023-04-04,2023-04-11,Home Office,East,New York,Furniture,Desks,8,3965.22,0.3,2775.65,38.49,-955.27
ORD-1273,2023-03-17,2023-03-21,Consumer,South,Texas,Technology,Phones,9,5666.8,0.15,4816.78,15.87,-582.77
ORD-1274,2023-05-09,2023-05-16,Home Office,South,Texas,Furniture,Chairs,9,586.26,0.15,498.32,58.07,-37.35
ORD-1275,2024-01-06,2024-01-12,Corporate,North,Michigan,Furniture,Storage,6,830.93,0.2,664.74,32.43,-109.44
ORD-1276,2022-01-08,2022-01-11,Consumer,North,Minnesota,Office Supplies,Labels,1,385.34,0.05,366.07,8.06,81.78
ORD-1277,2023-05-24,2023-05-26,Home Office,North,Wisconsin,Office Supplies,Envelopes,6,1367.62,0.0,1367.62,6.6,271.54
ORD-1278,2022-11-13,2022-11-17,Home Office,Central,Indiana,Technology,Phones,2,1406.88,0.2,1125.5,16.16,-218.69
ORD-1279,2023-06-19,2023-06-23,Consumer,East,New York,Office Supplies,Envelopes,13,3296.39,0.1,2966.75,5.22,176.44
ORD-1280,2023-03-01,2023-03-03,Corporate,Central,Indiana,Technology,Printers,4,1760.45,0.3,1232.32,24.58,-574.24
ORD-1281,2022-03-14,2022-03-16,Home Office,West,California,Office Supplies,Pens & Art,8,6156.24,0.0,6156.24,7.19,1721.59
ORD-1282,2024-07-03,2024-07-08,Consumer,North,Michigan,Office Supplies,Envelopes,10,900.28,0.0,900.28,6.88,177.99
ORD-1283,2022-10-08,2022-10-13,Home Office,North,North Dakota,Office Supplies,Binders,5,1099.39,0.0,1099.39,8.09,272.42
ORD-1284,2022-02-05,2022-02-08,Corporate,East,Pennsylvania,Furniture,Bookcases,13,8054.35,0.0,8054.35,33.97,1197.96
ORD-1285,2022-08-15,2022-08-22,Corporate,West,California,Furniture,Tables,5,1893.64,0.3,1325.55,32.06,-645.88
ORD-1286,2023-03-05,2023-03-07,Home Office,East,New York,Office Supplies,Labels,2,1146.52,0.0,1146.52,5.86,342.2
ORD-1287,2024-11-24,2024-11-27,Corporate,East,Massachusetts,Technology,Laptops,9,1900.21,0.05,1805.2,13.88,86.1
ORD-1288,2023-03-12,2023-03-18,Consumer,North,Wisconsin,Technology,Phones,11,5607.62,0.15,4766.48,13.66,-576.08
ORD-1289,2023-12-26,2023-12-30,Consumer,East,Pennsylvania,Technology,Laptops,3,261.61,0.2,209.29,23.05,-40.4
ORD-1290,2023-12-27,2024-01-01,Consumer,North,Wisconsin,Furniture,Chairs,12,3900.89,0.0,3900.89,40.65,650.96
ORD-1291,2022-04-02,2022-04-07,Corporate,South,Georgia,Technology,Phones,10,5010.54,0.0,5010.54,20.76,444.72
ORD-1292,2022-04-14,2022-04-21,Home Office,West,California,Furniture,Chairs,4,2077.93,0.2,1662.34,44.86,-196.32
ORD-1293,2023-08-12,2023-08-15,Consumer,Central,Kansas,Furniture,Bookcases,15,6885.54,0.0,6885.54,40.82,1020.58
ORD-1294,2023-12-02,2023-12-08,Corporate,North,Minnesota,Office Supplies,Paper,13,10313.58,0.1,9282.22,5.7,-744.29
ORD-1295,2024-04-02,2024-04-07,Consumer,South,Florida,Technology,Phones,13,10363.18,0.0,10363.18,19.85,926.73
ORD-1296,2024-05-23,2024-05-27,Consumer,East,Connecticut,Technology,Phones,6,4394.85,0.0,4394.85,21.46,389.1
ORD-1297,2023-11-18,2023-11-21,Home Office,Central,Indiana,Technology,Printers,5,764.06,0.3,534.84,13.74,-250.15
ORD-1298,2024-01-07,2024-01-11,Consumer,Central,Kansas,Technology,Printers,13,1526.65,0.35,992.32,24.18,-533.18
ORD-1299,2024-11-28,2024-12-05,Consumer,North,Wisconsin,Technology,Printers,6,4614.23,0.4,2768.54,21.48,-1667.57
ORD-1300,2022-05-24,2022-05-27,Home Office,West,Oregon,Technology,Accessories,7,4456.17,0.05,4233.36,20.78,628.77
ORD-1301,2022-10-13,2022-10-20,Home Office,Central,Indiana,Office Supplies,Pens & Art,5,2955.93,0.0,2955.93,4.73,826.24
ORD-1302,2024-01-11,2024-01-17,Home Office,North,Illinois,Office Supplies,Envelopes,15,9748.7,0.1,8773.83,5.13,524.89
ORD-1303,2023-04-06,2023-04-13,Corporate,North,Minnesota,Technology,Accessories,11,7809.74,0.0,7809.74,22.95,1711.26
ORD-1304,2022-04-12,2022-04-17,Corporate,East,Pennsylvania,Technology,Accessories,5,3164.05,0.15,2689.44,12.62,23.11
ORD-1305,2023-08-12,2023-08-18,Home Office,West,Arizona,Furniture,Desks,9,2786.83,0.45,1532.76,52.59,-858.8
ORD-1306,2023-05-09,2023-05-12,Consumer,South,Texas,Furniture,Chairs,2,146.49,0.0,146.49,55.51,8.25
ORD-1307,2023-12-23,2023-12-28,Home Office,North,Illinois,Technology,Accessories,1,353.59,0.15,300.55,14.68,-1.4
ORD-1308,2023-12-23,2023-12-30,Consumer,South,Florida,Technology,Accessories,9,5236.2,0.15,4450.77,19.41,38.68
ORD-1309,2024-06-27,2024-06-29,Corporate,East,New York,Technology,Laptops,8,1084.54,0.0,1084.54,12.65,126.35
ORD-1310,2022-03-07,2022-03-09,Home Office,East,Massachusetts,Office Supplies,Labels,3,1547.94,0.0,1547.94,6.19,462.52
ORD-1311,2024-02-13,2024-02-18,Corporate,East,New Jersey,Furniture,Tables,3,918.75,0.45,505.31,40.26,-360.74
ORD-1312,2023-04-19,2023-04-23,Corporate,North,Michigan,Furniture,Tables,1,133.64,0.3,93.55,31.92,-54.48
ORD-1313,2023-01-27,2023-02-01,CORPORATE,Central,Colorado,Office Supplies,Paper,9,3092.64,0.1,2783.38,7.09,-224.8
ORD-1314,2024-06-02,2024-06-09,Consumer,Central,Ohio,Furniture,Bookcases,9,4170.67,0.1,3753.6,52.93,21.66
ORD-1315,2022-12-07,2022-12-14,Consumer,Central,Indiana,Technology,Monitors,13,2161.77,0.0,2161.77,17.93,210.8
ORD-1316,2024-04-26,2024-04-30,Consumer,West,Nevada,Office Supplies,Paper,2,166.63,0.1,149.97,5.87,-13.76
ORD-1317,2023-09-04,2023-09-06,Home Office,East,Connecticut,Furniture,Chairs,7,927.28,0.1,834.55,46.69,11.03
ORD-1318,2023-12-09,2023-12-11,Home Office,North,Illinois,Technology,Accessories,7,3703.06,0.1,3332.75,20.27,260.54
ORD-1319,2024-09-13,2024-09-15,Corporate,South,Louisiana,Furniture,Desks,1,325.7,0.4,195.42,49.7,-108.71
ORD-1320,2023-11-10,2023-11-12,Corporate,West,Oregon,Furniture,Chairs,5,3383.17,0.2,2706.54,49.87,-312.68
ORD-1321,2023-04-20,2023-04-25,Consumer,South,Georgia,Furniture,Tables,11,935.99,0.45,514.79,35.61,-365.89
ORD-1322,2022-11-10,2022-11-16,Home Office,West,Nevada,Furniture,Chairs,12,4954.01,0.0,4954.01,52.35,826.48
ORD-1323,2022-11-02,2022-11-06,Consumer,Central,Indiana,Technology,Phones,8,437.51,0.0,437.51,21.48,32.93
ORD-1324,2022-10-12,2022-10-17,Corporate,East,New York,Office Supplies,Envelopes,8,3850.59,0.0,3850.59,8.23,767.65
ORD-1325,2023-11-24,2023-11-26,Home Office,Central,Indiana,Furniture,Bookcases,14,7780.47,0.0,7780.47,30.21,1158.01
ORD-1326,2023-10-21,2023-10-28,Home Office,South,Florida,Technology,Phones,7,2925.48,0.2,2340.38,22.43,-451.4
ORD-1327,2022-11-09,2022-11-16,Corporate,North,Illinois,Technology,Phones,10,6469.92,0.0,6469.92,21.58,575.82
ORD-1328,2023-04-10,2023-04-12,Corporate,East,Massachusetts,Furniture,Bookcases,11,4660.71,0.1,4194.64,41.08,29.62
ORD-1329,2024-10-10,2024-10-14,Home Office,North,Illinois,Office Supplies,Pens & Art,5,2761.32,0.05,2623.25,4.47,549.54
ORD-1330,2022-03-02,2022-03-09,Corporate,East,Pennsylvania,Furniture,Bookcases,13,8943.9,0.2,7155.12,,-944.28
ORD-1331,2023-12-14,2023-12-20,Home Office,East,Massachusetts,Technology,Laptops,7,2238.57,0.0,2238.57,19.95,262.64
ORD-1332,2023-09-22,2023-09-29,Corporate,South,Louisiana,Office Supplies,Paper,6,2479.45,0.2,1983.56,4.91,-437.86
ORD-1333,2023-02-24,2023-02-28,Consumer,Central,Kansas,Furniture,Chairs,13,5899.92,0.0,5899.92,57.24,985.81
ORD-1334,2023-07-12,2023-07-17,Consumer,North,Michigan,Furniture,Desks,5,2373.36,0.45,1305.35,54.43,-734.27
ORD-1335,2022-02-17,2022-02-22,Home Office,North,Illinois,Office Supplies,Labels,2,1391.97,0.05,1322.37,6.43,302.22
ORD-1336,2024-06-15,2024-06-17,Consumer,North,Michigan,Technology,Phones,3,790.08,0.15,671.57,14.87,-85.05
ORD-1337,2022-09-15,2022-09-18,Corporate,West,Oregon,Office Supplies,Paper,5,896.83,0.2,717.46,4.91,-159.31
ORD-1338,2023-09-14,2023-09-21,Consumer,West,Arizona,Technology,Printers,8,2527.23,0.3,1769.06,19.33,-819.57
ORD-1339,2022-01-21,2022-01-25,Consumer,East,Pennsylvania,Furniture,Storage,12,2523.91,0.15,2145.32,55.18,-188.18
ORD-1340,2022-05-27,2022-06-02,Consumer,South,Louisiana,Furniture,Storage,1,249.09,0.0,249.09,42.8,19.54
ORD-1341,2023-05-12,2023-05-15,Home Office,Central,Indiana,Furniture,Tables,13,2117.89,0.45,1164.84,29.96,-812.73
ORD-1342,2022-08-12,2022-08-19,Consumer,South,Louisiana,Office Supplies,Binders,12,6308.09,0.0,6308.09,5.78,1575.29
ORD-1343,2024-12-04,2024-12-09,Home Office,East,Connecticut,Office Supplies,Binders,11,7384.9,0.0,7384.9,7.1,1844.09
ORD-1344,2022-07-07,2022-07-14,Corporate,West,Oregon,Technology,Printers,12,6639.67,0.3,4647.77,16.39,-2142.89
ORD-1345,2022-09-14,2022-09-16,Home Office,North,Illinois,Office Supplies,Pens & Art,14,10085.85,0.1,9077.27,7.22,1268.65
ORD-1346,2023-09-27,2023-10-01,Consumer,East,Pennsylvania,Technology,Monitors,9,7010.09,0.0,7010.09,21.46,694.57
ORD-1347,2023-10-11,2023-10-13,Consumer,South,Florida,Office Supplies,Envelopes,4,68.6,0.15,58.31,4.57,-1.95
ORD-1348,2022-11-24,2022-11-29,Home Office,Central,Ohio,Furniture,Desks,12,1134.16,0.4,680.5,48.34,-341.14
ORD-1349,2022-11-28,2022-12-05,Corporate,East,New York,Furniture,Chairs,5,1488.84,0.15,1265.51,38.59,-62.2
ORD-1350,2022-10-11,2022-10-18,Consumer,North,Wisconsin,Technology,Laptops,6,4303.23,0.1,3872.91,15.98,-82.25
ORD-1351,2023-06-09,2023-06-16,Corporate,North,Minnesota,Furniture,Desks,14,4449.01,0.45,2446.96,52.92,-1361.7
ORD-1352,2024-02-16,2024-02-21,Consumer,South,Florida,Technology,Laptops,13,6001.07,0.05,5701.02,14.88,280.59
ORD-1353,2022-12-14,2022-12-16,home office,East,Massachusetts,Technology,Phones,8,408.71,0.0,408.71,20.85,30.53
ORD-1354,2024-12-28,2024-12-30,Home Office,Central,Indiana,Office Supplies,Labels,6,2534.96,0.15,2154.72,7.14,191.78
ORD-1355,2024-05-21,2024-05-27,Home Office,West,Arizona,Office Supplies,Paper,7,921.86,0.2,737.49,6.55,-164.21
ORD-1356,2023-11-28,2023-12-02,Consumer,North,Illinois,Office Supplies,Paper,3,221.31,0.05,210.24,5.55,-3.77
ORD-1357,2023-10-27,2023-11-01,Consumer,East,Connecticut,Office Supplies,Paper,4,307.53,0.05,292.15,7.57,-5.19
ORD-1358,2024-12-21,2024-12-27,Corporate,North,Minnesota,Furniture,Bookcases,1,95.58,0.05,90.8,30.45,-1.87
ORD-1359,2024-12-07,2024-12-09,Consumer,North,Michigan,Office Supplies,Labels,11,5963.18,0.0,5963.18,5.73,1787.23
ORD-1360,2024-09-22,2024-09-29,Corporate,South,Louisiana,Furniture,Storage,6,3461.95,0.0,3461.95,32.26,440.38
ORD-1361,2023-08-23,2023-08-30,Consumer,South,Georgia,Furniture,Bookcases,2,101.87,0.0,101.87,43.88,2.12
ORD-1362,2023-03-07,2023-03-09,Consumer,West,Washington,Furniture,Storage,8,5298.2,0.0,5298.2,50.47,673.62
ORD-1363,2023-11-15,2023-11-20,Consumer,West,California,Office Supplies,Labels,11,5253.75,0.1,4728.38,4.77,755.11
ORD-1364,2024-12-16,2024-12-19,Home Office,North,Illinois,Office Supplies,Binders,15,6210.62,0.0,6210.62,7.11,1550.52
ORD-1365,2024-12-13,2024-12-17,Consumer,South,Louisiana,Furniture,Storage,7,5487.36,0.15,4664.26,51.81,-388.68
ORD-1366,2024-03-23,2024-03-29,Corporate,West,Washington,Furniture,Tables,15,9037.73,0.4,5422.64,54.19,-3378.29
ORD-1367,2024-03-23,2024-03-30,Home Office,East,Pennsylvania,Office Supplies,Labels,5,2769.95,0.15,2354.46,4.76,210.47
ORD-1368,2024-11-16,2024-11-23,Home Office,South,Texas,Office Supplies,Pens & Art,10,4629.51,0.15,3935.08,7.18,273.3
ORD-1369,2023-02-05,2023-02-08,Corporate,Central,Colorado,Furniture,Chairs,1,541.15,0.0,541.15,37.25,80.82
ORD-1370,2023-10-07,2023-10-09,Home Office,East,New York,Furniture,Desks,13,5717.66,0.4,3430.6,53.33,-1662.69
ORD-1371,2024-10-13,2024-10-17,Home Office,Central,Indiana,Office Supplies,Labels,4,1664.3,0.2,1331.44,7.56,24.36
ORD-1372,2022-12-01,2022-12-06,Corporate,North,Michigan,Furniture,Tables,12,2547.63,0.2,2038.1,54.94,-709.44
ORD-1373,2024-08-07,2024-08-10,Home Office,South,Louisiana,Office Supplies,Pens & Art,13,7592.75,0.0,7592.75,5.44,2124.34
ORD-1374,2023-06-09,2023-06-13,Consumer,North,Minnesota,Technology,Printers,9,2001.85,0.35,1301.2,19.96,-695.62
ORD-1375,2023-03-20,2023-03-24,Corporate,North,Minnesota,Furniture,Desks,1,622.32,0.2,497.86,54.19,-115.83
ORD-1376,2023-11-17,2023-11-23,Home Office,West,California,Office Supplies,Pens & Art,4,3064.94,0.1,2758.45,4.49,384.84
ORD-1377,2022-02-07,2022-02-13,Corporate,South,Alabama,Office Supplies,Labels,11,3030.81,0.0,3030.81,5.43,907.61
ORD-1378,2023-10-08,2023-10-10,Corporate,Central,Ohio,Office Supplies,Binders,15,7787.66,0.1,7008.89,5.22,769.41
ORD-1379,2023-08-01,2023-08-07,Corporate,East,New Jersey,Technology,Monitors,15,6311.12,0.2,5048.9,17.32,-914.0
ORD-1380,2022-05-04,2022-05-06,Corporate,West,Washington,Technology,Accessories,3,2333.19,0.2,1866.55,19.38,-117.81
ORD-1381,2022-11-18,2022-11-25,Consumer,North,North Dakota,Office Supplies,Paper,14,7933.14,0.15,6743.17,7.46,-1013.71
ORD-1382,2023-07-02,2023-07-08,Home Office,North,Minnesota,Office Supplies,Paper,2,145.0,0.0,145.0,7.54,6.44
ORD-1383,2024-06-13,2024-06-19,Home Office,North,North Dakota,Technology,Accessories,7,1843.64,0.05,1751.46,21.08,256.4
ORD-1384,2024-11-02,2024-11-04,Home Office,North,Minnesota,Office Supplies,Labels,12,8170.53,0.0,8170.53,8.1,2448.73
ORD-1385,2023-04-13,2023-04-19,Home Office,East,New York,Furniture,Storage,7,4622.56,0.0,4622.56,43.34,587.93
ORD-1386,2024-05-05,2024-05-12,Consumer,South,Louisiana,Office Supplies,Envelopes,5,2733.36,0.2,2186.69,7.84,-177.29
ORD-1387,2022-02-19,2022-02-23,Consumer,East,Pennsylvania,Office Supplies,Labels,10,3243.54,0.1,2919.19,8.18,464.62
ORD-1388,2024-06-28,2024-07-02,Home Office,South,Florida,Office Supplies,Pens & Art,9,1141.45,0.0,1141.45,5.13,318.07
ORD-1389,2024-11-15,2024-11-19,Consumer,South,Texas,Technology,Printers,11,4911.35,0.4,2946.81,21.06,-1774.4
ORD-1390,2023-12-05,2023-12-07,Consumer,North,North Dakota,Office Supplies,Labels,11,5825.01,0.0,5825.01,5.4,1745.88
ORD-1391,2023-09-23,2023-09-27,Corporate,South,Georgia,Furniture,Tables,10,1346.3,0.2,1077.04,40.12,-378.23
ORD-1392,2024-11-24,2024-12-01,Consumer,West,Washington,Technology,Accessories,11,3930.93,0.2,3144.74,17.13,-193.82
ORD-1393,2023-11-18,2023-11-22,Corporate,East,New Jersey,Furniture,Tables,2,305.96,0.2,244.77,31.81,-92.76
ORD-1394,2022-10-28,2022-11-02,Home Office,South,Texas,Technology,Accessories,9,4597.44,0.2,3677.95,19.93,-226.66
ORD-1395,2024-08-16,2024-08-22,Consumer,Central,Missouri,Technology,Printers,11,6858.83,0.4,4115.3,17.55,-2474.44
ORD-1396,,2023-02-23,Consumer,East,Connecticut,Furniture,Storage,1,535.2,0.2,428.16,57.74,-81.55
ORD-1397,2024-03-22,2024-03-26,Home Office,South,Florida,Technology,Monitors,14,10845.41,0.15,9218.6,21.82,-1020.59
ORD-1398,2022-04-02,2022-04-07,Consumer,North,Minnesota,Furniture,Desks,11,1950.49,0.4,1170.29,40.81,-573.98
ORD-1399,2024-10-21,2024-10-27,Consumer,North,Minnesota,Office Supplies,Pens & Art,14,3215.71,0.15,2733.35,5.31,189.74
ORD-1400,2022-09-17,2022-09-21,Consumer,Central,Missouri,Furniture,Tables,5,1552.09,0.35,1008.86,44.58,-568.25
ORD-1401,2022-08-15,2022-08-18,Corporate,East,New York,Furniture,Storage,3,586.63,0.1,527.97,48.32,-19.78
ORD-1402,2022-10-22,2022-10-27,Consumer,South,Louisiana,Technology,Accessories,4,1361.89,0.0,1361.89,21.68,293.11
ORD-1403,2023-10-01,2023-10-04,Corporate,West,Washington,Technology,Printers,4,195.47,0.2,156.38,20.06,-56.06
ORD-1404,2022-03-17,2022-03-24,Consumer,Central,Ohio,Office Supplies,Paper,7,3398.47,0.1,3058.62,6.88,-246.75
ORD-1405,2023-12-06,2023-12-12,Consumer,East,Connecticut,Technology,Monitors,4,2667.34,0.1,2400.61,14.4,-100.34
ORD-1406,2024-03-11,2024-03-16,Home Office,South,Georgia,Office Supplies,Labels,15,5564.61,0.1,5008.15,4.49,799.96
ORD-1407,2024-08-22,2024-08-27,Consumer,West,Washington,Technology,Laptops,7,4646.7,0.1,4182.03,13.81,-87.78
ORD-1408,2022-11-16,2022-11-18,Home Office,Central,Colorado,Technology,Printers,11,1290.39,0.2,1032.31,19.4,-336.16
ORD-1409,2023-10-08,2023-10-14,Home Office,West,California,Furniture,Bookcases,13,5115.07,0.2,4092.06,40.61,-544.15
ORD-1410,2022-07-28,2022-07-31,Consumer,Central,Missouri,Furniture,Desks,2,474.73,0.2,379.78,41.41,-88.38
ORD-1411,2024-08-01,2024-08-06,Home Office,North,Illinois,Office Supplies,Binders,7,3701.73,0.15,3146.47,7.58,123.58
ORD-1412,2024-04-14,2024-04-19,Consumer,East,Connecticut,Technology,Monitors,10,3020.31,0.0,3020.31,25.1,294.5
ORD-1413,2024-03-18,2024-03-25,Corporate,South,Alabama,Office Supplies,Labels,8,1713.72,0.0,1713.72,6.63,512.13
ORD-1414,2024-07-06,2024-07-12,Home Office,West,Washington,Technology,Laptops,2,366.7,0.05,348.36,22.5,10.67
ORD-1415,2024-06-01,2024-06-07,Home Office,Central,Indiana,Office Supplies,Binders,13,1124.56,0.0,1124.56,6.18,279.29
ORD-1416,2024-06-02,2024-06-08,Consumer,West,Washington,Technology,Accessories,12,3800.35,0.05,3610.33,20.34,535.45
ORD-1417,2023-09-01,2023-09-04,Home Office,East,Pennsylvania,Office Supplies,Binders,4,2730.78,0.2,2184.62,6.38,-67.45
ORD-1418,2024-09-02,2024-09-04,Home Office,North,Wisconsin,Office Supplies,Labels,6,1216.9,0.0,1216.9,8.3,362.58
ORD-1419,2024-09-01,2024-09-08,Corporate,East,Massachusetts,Furniture,Tables,12,6808.12,0.3,4765.68,45.56,-2301.19
ORD-1420,2022-04-15,2022-04-20,Home Office,Central,Missouri,Furniture,Bookcases,15,4981.59,0.0,4981.59,37.08,736.11
ORD-1421,2022-05-26,2022-06-01,Consumer,Central,Colorado,Office Supplies,Binders,9,6894.15,0.1,6204.73,7.62,680.23
ORD-1422,2022-07-25,2022-07-31,Home Office,East,Connecticut,Furniture,Tables,6,4617.43,0.45,2539.59,49.44,-1767.15
ORD-1423,,2022-06-26,Corporate,North,Minnesota,Technology,Accessories,12,2345.94,0.0,2345.94,17.8,510.77
ORD-1424,2023-05-22,2023-05-25,Home Office,Central,Indiana,Technology,Accessories,12,7914.52,0.0,7914.52,,1735.32
ORD-1425,2024-04-22,2024-04-25,Corporate,West,Nevada,Furniture,Desks,15,10939.4,0.45,6016.67,51.07,-3324.49
ORD-1426,2024-11-12,2024-11-19,Corporate,South,Florida,Technology,Phones,3,1879.4,0.0,1879.4,24.19,161.89
ORD-1427,2023-11-20,2023-11-25,Home Office,West,California,Technology,Printers,6,2408.92,0.2,1927.14,23.55,-623.75
ORD-1428,2022-11-02,2022-11-04,Home Office,South,Florida,Furniture,Tables,9,5781.84,0.45,3180.01,57.03,-2211.32
ORD-1429,2024-12-17,2024-12-20,Corporate,Central,Kansas,Furniture,Desks,8,2102.29,0.3,1471.6,29.75,-509.27
ORD-1430,2023-09-06,2023-09-12,Home Office,West,Oregon,Technology,Accessories,9,1992.03,0.0,1992.03,18.54,432.68
ORD-1431,2024-03-25,2024-03-28,Corporate,East,Massachusetts,Technology,Monitors,6,1809.52,0.05,1719.04,16.12,46.74
ORD-1432,2022-10-18,2022-10-25,Consumer,Central,Ohio,Office Supplies,Paper,7,4810.42,0.0,4810.42,4.81,287.18
ORD-1433,2024-08-17,2024-08-21,Corporate,South,Alabama,Technology,Phones,9,5225.76,0.2,4180.61,18.73,-799.93
ORD-1434,2022-10-07,2022-10-12,Home Office,Central,Ohio,Technology,Monitors,14,3004.64,0.2,2403.71,20.54,-438.83
ORD-1435,2023-09-12,2023-09-18,Corporate,East,Connecticut,Furniture,Bookcases,1,338.23,0.0,338.23,54.9,34.26
ORD-1436,2023-12-12,2023-12-17,Home Office,South,Florida,Office Supplies,Labels,6,3260.74,0.05,3097.7,7.45,710.24
ORD-1437,2022-09-28,2022-10-04,Corporate,North,North Dakota,Office Supplies,Pens & Art,3,1553.57,0.0,1553.57,5.97,433.21
ORD-1438,2023-05-11,2023-05-16,Corporate,Central,Indiana,Technology,Laptops,11,2680.86,0.0,2680.86,20.23,315.63
ORD-1439,2023-12-06,2023-12-13,Corporate,East,Connecticut,Furniture,Storage,3,2056.67,0.0,2056.67,50.8,252.13
ORD-1440,2022-03-04,2022-03-06,Home Office,East,Pennsylvania,Office Supplies,Binders,2,1500.77,0.05,1425.73,6.5,254.68
ORD-1441,2022-09-21,2022-09-28,Home Office,West,Oregon,Technology,Laptops,15,10651.42,0.0,10651.42,15.49,1273.52
ORD-1442,2022-08-01,2022-08-06,Corporate,East,Pennsylvania,Office Supplies,Paper,1,535.89,0.2,428.71,8.04,-96.73
ORD-1443,2024-02-18,2024-02-25,Home Office,West,Arizona,Furniture,Storage,3,1436.41,0.05,1364.59,47.95,67.49
ORD-1444,2023-12-18,2023-12-23,Corporate,Central,Missouri,Office Supplies,Labels,4,2586.78,0.05,2457.44,5.49,563.56
ORD-1445,2022-08-12,2022-08-17,Consumer,East,New York,Furniture,Chairs,5,1916.6,0.0,1916.6,49.62,310.94
ORD-1446,2022-09-18,2022-09-21,Corporate,West,Oregon,Technology,Monitors,6,978.17,0.1,880.35,18.11,-40.65
ORD-1447,2022-04-14,2022-04-20,Home Office,South,Alabama,Office Supplies,Envelopes,11,2233.62,0.2,1786.9,7.56,-145.22
ORD-1448,2022-06-06,2022-06-11,Corporate,East,New Jersey,Office Supplies,Labels,3,727.0,0.15,617.95,6.11,53.78
ORD-1449,2022-05-02,2022-05-05,Home Office,East,Pennsylvania,Office Supplies,Envelopes,9,291.35,0.0,291.35,5.38,56.66
ORD-1450,2023-03-07,2023-03-11,Home Office,West,California,Technology,Phones,6,2069.34,0.2,1655.47,22.67,-321.34
ORD-1451,2022-11-02,2022-11-05,Home Office,West,California,Technology,Accessories,5,3119.44,0.0,3119.44,19.44,680.44
ORD-1452,,2024-12-10,Corporate,South,Texas,Furniture,Chairs,7,4342.88,0.05,4125.74,36.67,401.57
ORD-1453,2022-10-16,2022-10-19,Corporate,South,Louisiana,Office Supplies,Binders,7,3849.53,0.0,3849.53,8.13,959.94
ORD-1454,2024-04-10,2024-04-13,Home Office,North,Minnesota,Office Supplies,Labels,4,1191.74,0.0,1191.74,7.83,355.17
ORD-1455,2023-01-19,2023-01-21,Consumer,North,Michigan,Office Supplies,Envelopes,2,651.42,0.0,651.42,4.24,129.01
ORD-1456,2022-06-08,2022-06-15,Home Office,Central,Indiana,Furniture,Storage,3,1222.31,0.15,1038.96,47.59,-97.39
ORD-1457,2022-11-16,2022-11-20,Consumer,North,Illinois,Furniture,Desks,4,1054.56,0.2,843.65,52.58,-184.5
ORD-1458,2022-06-09,2022-06-13,Home Office,West,Arizona,Technology,Laptops,15,689.98,0.15,586.48,18.11,-58.22
ORD-1459,2023-03-11,2023-03-17,Home Office,Central,Colorado,Furniture,Desks,12,4592.28,0.2,3673.82,56.29,-751.65
ORD-1460,2023-05-18,2023-05-23,Consumer,South,Alabama,Office Supplies,Paper,6,2228.71,0.2,1782.97,6.88,-394.32
ORD-1461,2024-04-03,2024-04-09,Consumer,South,Louisiana,Office Supplies,Pens & Art,11,8516.45,0.2,6813.16,5.83,-1.75
ORD-1462,2024-05-11,2024-05-14,Home Office,West,Oregon,Technology,Printers,-2,181.12,0.3,126.78,13.15,-62.26
ORD-1463,2022-03-19,2022-03-25,Consumer,South,Alabama,Technology,Laptops,11,7386.45,0.15,6278.48,18.77,-570.69
ORD-1464,2022-09-01,2022-09-03,Corporate,Central,Indiana,Technology,Accessories,15,11070.19,0.15,9409.66,18.79,88.46
ORD-1465,2023-11-27,2023-12-01,Home Office,West,Nevada,Technology,Accessories,6,3830.92,0.0,3830.92,22.98,835.91
ORD-1466,2022-02-17,2022-02-20,Consumer,Central,Missouri,Office Supplies,Binders,2,188.92,0.0,188.92,6.43,45.3
ORD-1467,2022-09-18,2022-09-25,Home Office,South,Louisiana,Office Supplies,Paper,12,5437.69,0.15,4622.04,4.64,-694.7
ORD-1468,2022-12-26,2022-12-29,Corporate,Central,Kansas,Office Supplies,Envelopes,3,1340.17,0.1,1206.15,5.62,70.68
ORD-1469,2023-08-28,2023-09-04,Home Office,Central,Missouri,Furniture,Bookcases,6,2032.14,0.15,1727.32,42.06,-116.26
ORD-1470,2024-03-24,2024-03-29,CORPORATE,East,Connecticut,Technology,Printers,5,1488.03,0.45,818.42,18.24,-553.81
ORD-1471,2022-01-10,2022-01-14,Home Office,North,Illinois,Technology,Accessories,1,250.76,0.0,250.76,15.31,50.57
ORD-1472,2024-09-05,2024-09-09,Home Office,North,Illinois,Furniture,Storage,2,89.25,0.0,89.25,33.99,1.41
ORD-1473,2022-11-19,2022-11-26,Home Office,East,New Jersey,Technology,Phones,7,3232.01,0.0,3232.01,21.85,284.33
ORD-1474,2022-11-20,2022-11-25,Corporate,East,Connecticut,Technology,Monitors,11,2758.9,0.15,2345.07,22.79,-264.79
ORD-1475,2022-06-28,2022-06-30,Consumer,North,North Dakota,Furniture,Bookcases,13,2508.65,0.15,2132.35,54.37,-144.25
ORD-1476,2024-05-05,2024-05-12,Consumer,West,California,Furniture,Storage,6,2456.31,0.0,2456.31,33.9,309.15
ORD-1477,2023-02-10,2023-02-15,Corporate,West,Nevada,Office Supplies,Labels,13,4219.06,0.0,4219.06,5.61,1264.04
ORD-1478,2023-04-17,2023-04-22,Home Office,Central,Kansas,Technology,Printers,7,4357.17,0.35,2832.16,22.2,-1507.7
ORD-1479,2024-03-24,2024-03-29,Consumer,Central,Colorado,Furniture,Tables,9,1874.73,0.3,1312.31,37.23,-641.08
ORD-1480,2023-10-12,2023-10-14,Home Office,East,New York,Office Supplies,Binders,6,987.21,0.0,987.21,6.69,244.8
ORD-1481,2023-09-02,2023-09-05,Consumer,East,Massachusetts,Furniture,Storage,15,9858.97,0.0,9858.97,49.55,1266.8
ORD-1482,2022-12-28,2022-12-30,Consumer,North,Wisconsin,Office Supplies,Binders,14,9223.27,0.0,9223.27,5.64,2304.13
ORD-1483,2024-03-07,2024-03-12,Corporate,East,New Jersey,Furniture,Chairs,4,1775.77,0.2,1420.62,37.0,-167.37
ORD-1484,2024-09-17,2024-09-24,Home Office,Central,Kansas,Technology,Laptops,1,215.53,0.0,215.53,16.18,21.01
ORD-1485,2024-01-09,2024-01-11,Corporate,Central,Ohio,Technology,Monitors,11,7522.74,0.15,6394.33,17.14,-708.52
ORD-1486,2024-12-23,2024-12-29,Corporate,North,Wisconsin,Office Supplies,Envelopes,2,1449.08,0.05,1376.63,7.84,176.61
ORD-1487,2024-09-01,2024-09-06,Consumer,North,North Dakota,Technology,Printers,1,209.2,0.2,167.36,16.44,-58.49
ORD-1488,2023-10-21,2023-10-23,Home Office,West,Oregon,Technology,Laptops,5,1002.1,0.1,901.89,16.08,-22.86
ORD-1489,2023-04-13,2023-04-20,Corporate,East,New Jersey,Technology,Printers,11,1350.25,0.45,742.64,19.16,-503.32
ORD-1490,2022-04-14,2022-04-17,Home Office,Central,Kansas,Office Supplies,Paper,5,3645.71,0.0,3645.71,6.09,216.92
ORD-1491,2022-10-28,2022-11-02,Home Office,South,Louisiana,Technology,Printers,3,772.69,0.2,618.15,24.06,-205.03
ORD-1492,2024-02-24,2024-03-02,Home Office,South,Georgia,Office Supplies,Paper,2,319.09,0.2,255.27,7.89,-58.53
ORD-1493,2024-07-24,2024-07-27,Corporate,North,Michigan,Furniture,Tables,5,671.43,0.35,436.43,32.54,-249.8
ORD-1494,2022-09-20,2022-09-27,Home Office,North,Illinois,Office Supplies,Pens & Art,4,785.06,0.0,785.06,5.71,218.1
ORD-1495,2023-10-06,2023-10-09,Consumer,West,Arizona,Office Supplies,Labels,14,4468.19,0.05,4244.78,4.78,974.87
ORD-1496,2022-12-24,2022-12-27,Consumer,South,Georgia,Furniture,Chairs,11,8698.48,0.2,6958.78,35.41,-776.09
ORD-1497,2023-12-13,2023-12-20,Home Office,West,Arizona,Furniture,Bookcases,13,621.84,0.15,528.56,53.64,-47.81
ORD-1498,2024-08-23,2024-08-25,Corporate,East,Connecticut,Office Supplies,Labels,13,588.01,0.0,588.01,6.1,174.57
ORD-1499,2024-09-25,2024-09-30,Home Office,South,Texas,Office Supplies,Envelopes,11,8476.98,0.0,8476.98,5.42,1693.77
ORD-1010,2022-12-22,2022-12-29,Home Office,West,Oregon,Furniture,Storage,12,1259.08,0.1,1133.17,51.48,-26.78
